,curso,reviews,rating
0,The Python Mega Course: Build 10 Real World Applications,51214,4.6147776
1,Learn Python Programming Masterclass,79661,4.499944
2,Python for Beginners: Learn Python Programming (Python 3),18103,4.5257416
3,The Python Bible™ | Everything You Need to Program in Python,34376,4.6353807
4,The Complete Python Course | Learn Python by Doing,14965,4.567176
5,Python for Finance: Investment Fundamentals & Data Analytics,22530,4.5547385
6,Python for beginners,18467,4.4985943
7,Advanced Python: Python OOP with 10 Real-World Programs,859,4.5742784
8,Python A-Z™: Python For Data Science With Real Exercises!,21470,4.62881
9,Python for Absolute Beginners,19301,4.489492
10,Python for Beginners with Examples,9019,4.3656054
11,Practice Python by Solving 100 Interactive Python Exercises,311,4.6016493
12,The Complete Python Masterclass: Learn Python From Scratch,6350,4.4743614
13,Python Coding MADE EASY : A Python Coding Course in Python 3,4039,4.630039
14,Python OOP : Four Pillars of OOP in Python 3 for Beginners,7740,4.499572
15,Python for Absolute Beginners | Python Beginner to Pro 2021,3480,4.681494
16,Practice Python by Solving 100 Python Problems,2219,4.4580235
17,Learn to Code with Python,3563,4.6460314
18,Python Network Programming for Network Engineers (Python 3),6607,4.6939187
19,Python for beginners - Learn all the basics of python,6346,4.3502245
20,30 Days of Python | Unlock your Python Potential,7258,4.418143
21,Design Patterns in Python,1528,4.474985
22,Python Network Programming Complete Masterclass,4581,4.5200167
23,Python Programming Bootcamp,1607,4.5722384
24,Python Learn by Python Projects & Python Quizzes in 2021,621,3.7095063
25,The Complete Python Developer Certification Course,1343,4.61385
26,Python - The Practical Guide,4099,4.703178
27,Easy Python Programming Beginners Pro Python SQL MySQL Mongo,165,4.5909643
28,Learn to Code with Python 3!,3723,4.1740236
29,Complete Python Programming Python Basics to Advanced Python,1535,4.2808576
30,Complete Python 3 Masterclass Journey,2784,4.4694195
31,Complete Python Programming Masterclass Beginner to Advanced,3459,4.594897
32,Learn Advanced Python Programming,527,4.4467688
33,Complete Python Scripting for Automation,1535,4.449247
34,Master Python Programming: The Complete Python Bootcamp 2021,829,4.5271015
35,Python Developer | Complete course 2021,195,4.7301188
36,Python Programming/Script/OOP/Advanced for Python 3 Projects,197,4.3967648
37,"Complete Python Challenges, Python MCQ& Python Recap in 2021",140,3.9230153999999997
38,Python: Learn Python with Real Python Hands-On Examples,100,4.567216
39,Python for Beginners - Learn Python in 100 Steps,2393,4.3479266
